,AVR,COSA2,BTORMC,THP,Z3,Eld,BvITP,NOTIGHT,SyGuSAPDR,AVR-2020,GspacerBV
beem/adding.5.prop1-func-interl.chc,13.592256,8.646794,9.531675,19.666693,na,na,na,na,na,29.942277,na
beem/brp.2.prop1-func-interl.chc,1.020116,2.091934,1.022446,1.679833,na,na,na,na,na,3.563811,na
beem/cambridge.7.prop2-back-serstep.chc,na,na,na,na,na,na,na,na,na,na,na
beem/collision.6.prop1-func-interl.chc,na,na,na,na,na,na,na,na,na,na,na
beem/exit.5.prop1-func-interl.chc,3219.940223,45.360919,13.86749,na,na,na,na,na,na,108.458335,na
beem/frogs.2.prop1-back-serstep.chc,20.626728,11.168344,14.126687,14.6704,na,na,na,58.155994,58.155994,17.310892,na
beem/frogs.5.prop1-func-interl.chc,11.471813,na,na,na,na,na,na,na,na,na,na
beem/lamport_nonatomic.5.prop1-func-interl.chc,na,na,na,na,na,na,na,na,na,na,na
beem/lann.4.prop1-back-serstep.chc,na,na,na,na,na,na,na,na,na,na,na
beem/leader_election.3.prop1-back-serstep.chc,na,na,na,na,na,na,na,na,na,na,na
beem/pgm_protocol.2.prop5-back-serstep.chc,na,na,na,na,na,na,na,na,na,na,na
beem/pgm_protocol.4.prop2-func-interl.chc,na,na,na,na,na,na,na,na,na,na,na
beem/rether.4.prop1-back-serstep.chc,991.711823,665.54993,476.102637,670.88216,na,na,na,na,437.309587,557.734963,na
beem/synapse.7.prop1-func-interl.chc,na,na,na,na,na,na,na,na,na,na,na
beem/telephony.6.prop1-func-interl.chc,89.667968,34.297824,27.533402,49.017993,na,na,na,na,na,116.503176,na
goel/crafted/toy_lock_4/toy_lock_4.chc,148.291007,na,na,na,104.557513,na,na,na,129.31702,105.838413,156.735125
goel/industry/cal10/cal10.chc,0.279017,12.157472,na,na,na,na,na,na,0.047364,0.413061,na
goel/industry/cal100/cal100.chc,35.798115,na,na,na,na,na,na,na,1791.155064,69.979092,na
goel/industry/cal109/cal109.chc,50.382129,na,na,na,na,na,na,na,3240.223844,32.957742,na
goel/industry/cal110/cal110.chc,37.214027,na,na,na,na,na,na,na,1948.401391,31.652425,na
goel/industry/cal122/cal122.chc,42.201482,na,na,na,na,na,na,na,1962.381499,41.674384,na
goel/industry/cal128/cal128.chc,29.726002,na,na,na,na,na,na,na,2389.689779,42.190717,na
goel/industry/cal131/cal131.chc,25.520081,na,na,na,na,na,na,na,2943.803166,45.50768,na
goel/industry/cal132/cal132.chc,42.373438,na,na,na,na,na,na,na,2656.89394,62.629825,na
goel/industry/cal134/cal134.chc,23.318109,na,na,na,na,na,na,na,na,70.857544,na
goel/industry/cal136/cal136.chc,21.992119,na,na,na,na,na,na,na,2275.509004,50.337709,na
goel/industry/cal140/cal140.chc,36.61927,na,na,na,na,na,na,na,2730.555531,23.14742,na
goel/industry/cal142/cal142.chc,32.033772,na,na,na,na,na,na,na,3140.379912,57.718386,na
goel/industry/cal143/cal143.chc,29.327239,na,na,na,na,na,na,na,2907.374236,61.981298,na
goel/industry/cal144/cal144.chc,25.765882,na,na,na,na,na,na,na,2441.681592,33.97078,na
goel/industry/cal146/cal146.chc,27.364963,na,na,na,na,na,na,na,3481.391676,39.045443,na
goel/industry/cal156/cal156.chc,46.506489,na,na,na,na,na,na,na,na,121.852131,na
goel/industry/cal162/cal162.chc,0.471718,na,na,na,na,na,na,0.999883,0.999883,3.743946,na
goel/industry/cal163/cal163.chc,0.481036,na,na,na,na,na,na,1.246933,1.246933,3.712534,2200.275357
goel/industry/cal165/cal165.chc,0.470627,na,na,na,na,na,na,1.103746,1.103746,na,2283.619416
goel/industry/cal180/cal180.chc,0.370883,na,na,na,61.067599,na,na,160.190247,13.079388,1.480285,64.129936
goel/industry/cal182/cal182.chc,0.885174,na,na,na,na,na,na,35.570886,35.570886,1.787687,na
goel/industry/cal198/cal198.chc,53.532118,na,na,na,na,na,na,na,na,87.98155,na
goel/industry/cal203/cal203.chc,73.884582,na,na,na,na,na,na,na,na,115.590325,na
goel/industry/cal21/cal21.chc,0.280404,1.085589,na,na,na,na,na,0.196073,0.120516,0.452922,na
goel/industry/cal222/cal222.chc,254.659659,na,na,na,na,na,na,na,na,194.157163,na
goel/industry/cal225/cal225.chc,867.63637,na,na,na,na,na,na,na,na,1828.779235,na
goel/industry/cal226/cal226.chc,1302.076032,na,na,na,na,na,na,na,na,1501.957964,na
goel/industry/cal228/cal228.chc,1758.097206,na,na,na,na,na,na,na,na,2513.69989,na
goel/industry/cal229/cal229.chc,217.303547,na,na,na,na,na,na,na,na,424.927245,na
goel/industry/cal26/cal26.chc,0.899169,24.232045,na,na,na,na,na,11.777463,0.104302,1.850818,2.772364
goel/industry/cal27/cal27.chc,0.80295,na,na,na,na,na,na,35.826223,0.238823,1.499424,na
goel/industry/cal3/cal3.chc,0.272739,1.616692,na,na,na,na,na,309.162115,0.110224,2.026705,na
goel/industry/cal32/cal32.chc,0.821867,15.676635,na,na,1.206032,na,na,0.32299,0.100383,2.16269,1.175868
goel/industry/cal33/cal33.chc,0.79609,5.632773,na,na,na,na,na,7.385086,0.105407,1.709293,5.396385
goel/industry/cal34/cal34.chc,0.824816,31.262769,na,na,na,na,na,35.023873,0.743758,1.684445,na
goel/industry/cal39/cal39.chc,0.479267,364.811009,na,na,3.228527,na,na,7.11299,0.158746,4.01478,2.237477
goel/industry/cal40/cal40.chc,0.945546,483.038251,na,na,2.498886,na,na,8.466023,0.139104,3.305757,2.612259
goel/industry/cal42/cal42.chc,0.373832,7.115925,na,na,0.604582,na,na,0.311163,0.058395,2.069815,0.517258
goel/industry/cal5/cal5.chc,0.276875,2.093169,na,na,11.775618,na,na,1.053896,0.349029,1.316819,33.925201
goel/industry/cal78/cal78.chc,0.475901,na,na,na,na,na,na,1.510821,1.397021,1.749179,na
goel/industry/cal89/cal89.chc,29.366633,na,na,na,na,na,na,na,2081.678007,25.871098,na
goel/industry/cal9/cal9.chc,0.282274,17.210771,na,na,na,na,na,0.133599,0.110737,1.236905,na
goel/industry/cal93/cal93.chc,28.945463,na,na,na,na,na,na,na,2369.3781,61.563124,na
goel/industry/cal94/cal94.chc,40.928424,na,na,na,na,na,na,na,1362.883602,51.527935,na
goel/industry/gen14/gen14.chc,0.270592,0.573703,na,na,0.090234,na,9.474173,0.071666,0.035383,1.148264,0.079169
goel/industry/gen19/gen19.chc,0.270048,0.565593,na,na,0.078625,na,na,0.093115,0.031862,1.14606,0.065187
goel/industry/gen23/gen23.chc,0.284899,8.131123,na,na,0.169693,na,na,0.121871,0.099052,0.512429,0.222681
goel/industry/gen25/gen25.chc,0.274555,1.08615,na,na,0.129953,na,0.195918,0.055926,0.066027,0.501532,5.255829
goel/industry/gen31/gen31.chc,0.976692,7.122996,na,na,0.258457,na,na,na,0.130339,1.728787,0.232784
goel/industry/gen32/gen32.chc,0.281705,1.06994,na,na,0.109857,na,na,0.098052,0.057346,1.381092,0.180499
goel/industry/gen33/gen33.chc,0.272212,3.091273,na,na,0.094303,na,na,6.574225,0.095869,1.313998,0.148801
goel/industry/gen43/gen43.chc,0.284499,1.089379,na,na,0.102391,22.937962,na,0.212915,0.214539,0.703436,0.120575
goel/industry/gen44/gen44.chc,0.275096,1.615472,na,na,0.111319,64.75556,na,0.366097,0.223913,1.042026,0.093734
goel/industry/mul1/mul1.chc,9.766222,na,na,na,na,42.35077,na,na,na,5.397022,na
goel/industry/mul10/mul10.chc,33.733081,na,na,na,na,na,na,na,na,15.317535,na
goel/industry/mul3/mul3.chc,9.599532,na,na,na,na,38.398027,na,na,na,1.538976,na
goel/industry/mul4/mul4.chc,0.277899,na,na,na,na,na,na,na,na,1.457016,na
goel/industry/mul9/mul9.chc,3.851107,na,na,na,na,na,na,na,na,5.022306,na
goel/opensource/h_b05/h_b05.chc,0.372472,0.572975,0.034004,0.207089,11.796239,na,na,18.717989,11.2474,3.430885,13.432932
goel/opensource/h_TreeArb/h_TreeArb.chc,5.054698,25.220029,na,na,14.66151,na,na,35.094522,35.094522,5.154453,46.645727
goel/opensource/Heap/Heap.chc,48.288896,5.101132,na,na,258.55403,na,na,194.354519,194.354519,56.796708,na
goel/opensource/usb_phy/usb_phy.chc,2.023396,1.099623,0.676995,1.910945,na,na,na,471.61452,471.61452,5.121624,na
goel/opensource/vcegar_arrays_itc99_b12_p2/vcegar_arrays_itc99_b12_p2.chc,na,na,na,na,na,na,na,na,na,na,0.115287
goel/opensource/vcegar_QF_BV_itc99_b13_p06/vcegar_QF_BV_itc99_b13_p06.chc,0.278346,0.570965,na,na,0.034166,na,0.046016,0.028142,0.028142,0.394329,0.059509
goel/opensource/vcegar_QF_BV_usb_phy_1/vcegar_QF_BV_usb_phy_1.chc,1.732932,1.105288,0.556119,1.932805,na,na,na,194.641693,194.641693,3.96188,na
goel/opensource/vis_arrays_am2910_p1/vis_arrays_am2910_p1.chc,0.382356,2.674784,na,na,na,na,1931.750313,0.03608,0.03608,1.289415,na
goel/opensource/vis_arrays_buf_bug/vis_arrays_buf_bug.chc,2.156031,1.608254,0.983131,3.054231,na,na,na,na,na,5.155375,na
goel/opensource/vis_arrays_bufferAlloc/vis_arrays_bufferAlloc.chc,na,na,na,na,na,na,na,na,na,na,na
goel/opensource/vis_arrays_field5/vis_arrays_field5.chc,1798.371975,na,na,na,na,na,na,na,na,na,na
goel/opensource/vis_arrays_two_p1/vis_arrays_two_p1.chc,9.088929,10.130323,10.670407,40.194132,na,na,na,na,na,8.774735,na
mann/data-integrity/unsafe/arbitrated_top_n2_w128_d16_e0.chc,7.371451,6.153161,7.651852,31.992591,na,na,na,na,na,14.697006,na
mann/data-integrity/unsafe/arbitrated_top_n2_w128_d32_e0.chc,621.86935,627.961836,432.613543,2423.740003,na,na,na,na,na,1028.666537,na
mann/data-integrity/unsafe/arbitrated_top_n2_w128_d64_e0.chc,na,na,na,na,na,na,na,na,na,na,na
mann/data-integrity/unsafe/arbitrated_top_n2_w16_d16_e0.chc,5.197116,6.62864,3.899275,17.151367,na,na,na,na,na,9.452038,na
mann/data-integrity/unsafe/arbitrated_top_n2_w16_d32_e0.chc,564.291265,574.601342,467.370742,1454.013422,na,na,na,na,na,713.104931,na
mann/data-integrity/unsafe/arbitrated_top_n2_w32_d128_e0.chc,na,na,na,na,na,na,na,na,na,na,na
mann/data-integrity/unsafe/arbitrated_top_n2_w64_d128_e0.chc,na,na,na,na,na,na,na,na,na,na,na
mann/data-integrity/unsafe/arbitrated_top_n2_w8_d128_e0.chc,na,na,na,na,na,na,na,na,na,na,na
mann/data-integrity/unsafe/arbitrated_top_n3_w128_d128_e0.chc,na,na,na,na,na,na,na,na,na,na,na
mann/data-integrity/unsafe/arbitrated_top_n3_w16_d16_e0.chc,6.453643,6.114358,7.604537,13.128045,na,na,na,na,na,na,na
mann/data-integrity/unsafe/arbitrated_top_n3_w16_d64_e0.chc,na,na,na,na,na,na,na,na,na,na,na
mann/data-integrity/unsafe/arbitrated_top_n3_w32_d16_e0.chc,9.43926,8.136433,6.467105,17.382075,na,na,na,na,na,14.753971,na
mann/data-integrity/unsafe/arbitrated_top_n3_w32_d32_e0.chc,572.204561,454.82875,576.847391,1417.441219,na,na,na,na,na,909.391776,na
mann/data-integrity/unsafe/arbitrated_top_n3_w64_d128_e0.chc,na,na,na,na,na,na,na,na,na,na,na
mann/data-integrity/unsafe/arbitrated_top_n3_w8_d128_e0.chc,na,na,na,na,na,na,na,na,na,na,na
mann/data-integrity/unsafe/arbitrated_top_n4_w128_d16_e0.chc,13.170432,14.16675,11.536389,32.332714,na,na,na,na,na,21.699439,na
mann/data-integrity/unsafe/arbitrated_top_n4_w32_d16_e0.chc,10.099481,7.637815,7.717206,19.623776,na,na,na,na,na,22.332393,na
mann/data-integrity/unsafe/arbitrated_top_n4_w64_d128_e0.chc,na,na,na,na,na,na,na,na,na,na,na
mann/data-integrity/unsafe/arbitrated_top_n5_w128_d16_e0.chc,14.501595,13.659894,13.124617,51.33694,na,na,na,na,na,28.049488,na
mann/data-integrity/unsafe/arbitrated_top_n5_w128_d32_e0.chc,1155.490048,672.437291,583.828355,2375.800238,2109.025331,na,na,na,na,1569.651679,na
mann/data-integrity/unsafe/arbitrated_top_n5_w16_d128_e0.chc,na,na,na,na,na,na,na,na,na,na,na
mann/data-integrity/unsafe/arbitrated_top_n5_w16_d32_e0.chc,750.004794,998.82461,579.311167,1486.050187,na,na,na,na,na,815.964063,na
mann/data-integrity/unsafe/arbitrated_top_n5_w32_d32_e0.chc,879.50377,581.629864,482.534932,1903.747796,na,na,na,na,na,927.601341,na
mann/data-integrity/unsafe/arbitrated_top_n5_w64_d128_e0.chc,na,na,na,na,na,na,na,na,na,na,na
mann/data-integrity/unsafe/arbitrated_top_n5_w64_d64_e0.chc,na,na,na,na,na,na,na,na,na,na,na
mann/data-integrity/unsafe/arbitrated_top_n5_w8_d128_e0.chc,na,na,na,na,na,na,na,na,na,na,na
mann/data-integrity/unsafe/arbitrated_top_n5_w8_d32_e0.chc,681.605473,764.698427,522.282146,1654.275512,na,na,na,na,na,1027.595201,na
mann/data-integrity/unsafe/circular_pointer_top_w128_d128_e0.chc,na,na,na,na,na,na,na,na,na,na,na
mann/data-integrity/unsafe/circular_pointer_top_w16_d16_e0.chc,12.54201,16.174567,8.528086,32.640412,na,na,na,na,na,23.052798,na
mann/data-integrity/unsafe/circular_pointer_top_w16_d32_e0.chc,1332.37786,1207.87111,927.755338,2084.153507,na,na,na,na,na,1278.213021,na
mann/data-integrity/unsafe/circular_pointer_top_w16_d64_e0.chc,na,na,na,na,na,na,na,na,na,na,na
mann/data-integrity/unsafe/circular_pointer_top_w32_d128_e0.chc,na,na,na,na,na,na,na,na,na,na,na
mann/data-integrity/unsafe/circular_pointer_top_w32_d16_e0.chc,21.858565,20.71265,20.251082,82.49907,na,na,na,na,na,36.871776,na
mann/data-integrity/unsafe/circular_pointer_top_w32_d32_e0.chc,1010.99145,1445.893891,1184.72706,na,na,na,na,na,na,1468.955817,na
mann/data-integrity/unsafe/circular_pointer_top_w64_d64_e0.chc,na,na,na,na,na,na,na,na,na,na,na
mann/data-integrity/unsafe/circular_pointer_top_w8_d128_e0.chc,na,na,na,na,na,na,na,na,na,na,na
mann/data-integrity/unsafe/circular_pointer_top_w8_d32_e0.chc,983.498296,838.656291,711.335093,1970.815939,na,na,na,na,na,1358.280501,na
mann/data-integrity/unsafe/circular_pointer_top_w8_d64_e0.chc,na,na,na,na,na,na,na,na,na,na,na
mann/data-integrity/unsafe/shift_register_top_w128_d32_e0.chc,na,na,na,na,na,na,na,na,540.223841,3412.640362,na
mann/data-integrity/unsafe/shift_register_top_w128_d64_e0.chc,na,na,na,na,na,na,na,na,na,na,na
mann/data-integrity/unsafe/shift_register_top_w32_d128_e0.chc,na,na,na,na,na,na,na,na,na,na,na
mann/data-integrity/unsafe/shift_register_top_w32_d8_e0.chc,12.108996,7.629624,7.163466,22.378621,376.206508,na,na,na,5.422361,8.851232,316.174986
mann/data-integrity/unsafe/shift_register_top_w64_d128_e0.chc,na,na,na,na,na,na,na,na,na,na,na
mann/data-integrity/unsafe/shift_register_top_w64_d16_e0.chc,155.904131,na,na,na,na,na,na,na,26.319745,160.514096,na
mann/data-integrity/unsafe/shift_register_top_w64_d32_e0.chc,na,na,na,na,na,na,na,na,338.82573,na,na
mann/data-integrity/unsafe/shift_register_top_w64_d64_e0.chc,na,na,na,na,na,na,na,na,3297.680302,na,na
mann/data-integrity/unsafe/shift_register_top_w64_d8_e0.chc,15.720869,40.315116,37.097265,42.197007,688.747466,na,na,na,7.144808,8.115275,420.209651
mann/data-integrity/unsafe/shift_register_top_w8_d128_e0.chc,na,na,na,na,na,na,na,na,na,na,na
mann/data-integrity/unsafe/shift_register_top_w8_d32_e0.chc,3298.435345,na,na,na,na,na,na,na,216.102703,2248.785024,na
mann/data-integrity/unsafe/shift_register_top_w8_d64_e0.chc,na,na,na,na,na,na,na,na,2554.825996,na,na
mann/safe/analog_estimation_convergence.chc,na,4.609791,4.23839,na,0.29254,na,na,2193.438738,2193.438738,4.070934,0.12073
mann/unknown/ridecore.chc,na,na,na,na,na,na,na,na,na,na,na
mann/unsafe/intersymbol_analog_estimation_convergence.chc,46.982855,29.775912,22.771272,60.436436,na,na,na,na,na,56.097116,na
wolf/2018A/zipcpu-busdelay-p02.chc,249.002047,na,na,na,na,na,na,na,na,421.819301,na
wolf/2018A/zipcpu-busdelay-p18.chc,0.929687,73.54351,9.606225,na,2.413371,na,133.534445,196.83886,32.629945,2.243182,0.946562
wolf/2018A/zipcpu-busdelay-p24.chc,na,na,na,na,na,na,na,na,na,1016.818823,na
wolf/2018A/zipcpu-busdelay-p30.chc,332.736076,na,na,na,na,na,na,na,na,441.138185,na
wolf/2018A/zipcpu-busdelay-p36.chc,351.925608,na,na,na,na,na,na,na,na,555.487082,na
wolf/2018A/zipcpu-busdelay-p43.chc,0.489103,1.605594,9.067762,na,2.522924,na,na,12.813855,1.757278,0.558977,1.870726
wolf/2018A/zipcpu-busdelay-p46.chc,198.630104,na,na,na,na,na,na,na,na,719.56036,na
wolf/2018A/zipcpu-busdelay-p47.chc,9.844901,610.905531,244.341713,na,73.659846,na,na,na,na,12.075734,57.651319
wolf/2018D/picorv32-check-p01.chc,0.372445,na,na,na,na,na,257.937937,10.676718,1.781469,0.542368,23.964382
wolf/2018D/picorv32-check-p06.chc,1.131008,na,na,na,na,na,322.658456,18.234346,5.583426,1.945039,37.645045
wolf/2018D/picorv32-check-p09.chc,0.293625,443.26803,na,na,na,na,122.277324,0.584008,0.452963,0.405255,10.366129
wolf/2018D/picorv32-check-p12.chc,0.934356,na,na,na,na,na,446.11316,15.255782,8.544339,1.490226,51.984087
wolf/2018D/picorv32-check-p17.chc,0.272734,232.010192,na,na,2.095962,na,6.832543,0.50273,0.308422,0.468512,1.791465
wolf/2018D/picorv32-check-p18.chc,0.469075,na,na,na,na,na,143.884609,5.071739,3.614021,1.773888,6.707893
wolf/2018D/picorv32-check-p22.chc,0.937945,na,na,na,na,na,920.02235,11.791147,9.563411,1.641602,23.794571
wolf/2018D/picorv32-pcregs-p2.chc,na,na,na,na,na,na,na,na,na,na,na
wolf/2018D/ponylink-slaveTXlen-sat.chc,774.435485,289.327477,296.06641,308.666146,na,na,na,na,0.329415,na,na
wolf/2018D/VexRiscv-regch0-20-p0.chc,na,62.956709,138.921414,na,na,na,na,na,na,285.734558,na
wolf/2018D/VexRiscv-regch0-20-p1.chc,na,563.536192,415.169354,na,na,na,na,na,na,627.932265,148.796344
wolf/2018D/VexRiscv-regch0-30-p1.chc,na,2097.879947,764.950138,na,na,na,na,na,na,1298.428123,na
wolf/2018D/zipcpu-busdelay-p20.chc,3.319106,302.983108,39.033337,na,19.400419,na,na,1064.646347,591.393545,7.922351,47.483688
wolf/2018D/zipcpu-busdelay-p24.chc,na,na,na,na,na,na,na,na,na,1076.480476,na
wolf/2018D/zipcpu-busdelay-p30.chc,387.13192,na,na,na,na,na,na,na,na,908.375768,na
wolf/2018D/zipcpu-busdelay-p36.chc,283.882058,na,na,na,na,na,na,na,na,498.272549,na
wolf/2018D/zipcpu-busdelay-p42.chc,45.495597,1.600485,0.313573,na,211.902012,na,na,1394.774789,1394.774789,3.140727,118.560933
wolf/2018D/zipcpu-busdelay-p43.chc,0.37509,1.09632,10.143775,na,2.510974,na,2422.396035,34.636569,2.285565,2.115396,1.615268
wolf/2018D/zipcpu-busdelay-p45.chc,24.305492,2719.327245,1102.975371,na,124.990734,na,na,3190.613226,3190.613226,34.506686,43.182785
wolf/2018D/zipcpu-busdelay-p46.chc,194.05517,na,na,na,na,na,na,na,na,723.836931,na
wolf/2018D/zipcpu-busdelay-p47.chc,14.818438,688.104852,241.02519,na,71.068097,na,na,na,na,21.216882,68.754536
wolf/2018D/zipcpu-pfcache-p05.chc,6.902659,64.497174,43.883619,na,na,na,na,na,395.68814,7.955259,na
wolf/2018D/zipcpu-pfcache-p13.chc,22.446855,0.581299,0.354564,na,na,na,na,346.823304,29.228088,3.413305,na
wolf/2018D/zipcpu-pfcache-p15.chc,5.142051,0.574955,0.234537,na,405.886061,na,2592.614022,60.534313,15.930742,3.37119,148.427171
wolf/2018D/zipcpu-pfcache-p16.chc,6.620637,1714.441133,1054.356599,na,na,na,na,na,159.603833,7.759833,na
wolf/2018D/zipcpu-pfcache-p19.chc,6.421147,53.395401,42.72457,na,na,na,na,380.428154,91.278116,8.384818,2471.176556
wolf/2018D/zipcpu-pfcache-p20.chc,4.233105,0.594656,0.089985,na,92.079114,na,579.825915,49.741219,13.913031,3.473358,102.579168
wolf/2018D/zipcpu-pfcache-p25.chc,3.826397,1.070782,0.883647,na,1203.435345,na,na,na,111.798807,3.933303,548.644032
wolf/2018D/zipcpu-zipmmu-p00.chc,140.814307,na,na,na,na,na,na,na,920.175871,149.935776,na
wolf/2018D/zipcpu-zipmmu-p10.chc,120.748373,na,na,na,na,na,na,na,na,233.554592,na
wolf/2018D/zipcpu-zipmmu-p14.chc,17.444123,1373.03334,1120.123802,na,na,na,na,na,na,27.733022,na
wolf/2018D/zipcpu-zipmmu-p24.chc,24.367598,na,na,na,na,na,na,na,na,55.905214,na
wolf/2018D/zipcpu-zipmmu-p26.chc,91.351542,na,na,na,na,na,na,na,na,127.18011,na
wolf/2018D/zipcpu-zipmmu-p32.chc,0.392962,1.093992,na,na,0.471814,na,na,8.219072,0.416396,0.509303,0.851014
wolf/2018D/zipcpu-zipmmu-p38.chc,17.033393,1079.057837,708.636068,na,1059.290625,na,na,na,na,33.246807,na
wolf/2018D/zipcpu-zipmmu-p39.chc,0.94074,1305.526826,na,na,12.158177,na,na,214.717759,17.529087,1.81672,14.335917
wolf/2019A/picorv32_mutAX_nomem-p4.chc,101.181595,92.646611,87.00244,223.223846,na,na,na,na,na,356.035968,na
wolf/2019A/picorv32_mutAX_nomem-p8.chc,430.496187,269.724614,395.980252,680.90532,na,na,na,na,na,811.082356,na
wolf/2019A/picorv32_mutAY_nomem-p4.chc,85.974818,30.780096,33.372073,112.399221,na,na,na,na,na,92.672085,na
wolf/2019A/picorv32_mutAY_nomem-p7.chc,86.432786,95.174296,71.361551,207.587095,na,na,na,na,na,280.714688,na
wolf/2019A/picorv32_mutAY_nomem-p8.chc,525.155082,256.646859,160.223611,298.596565,na,na,na,na,na,271.720468,na
wolf/2019A/picorv32_mutBX_nomem-p0.chc,na,na,na,na,na,na,na,na,na,na,na
wolf/2019A/picorv32_mutBX_nomem-p1.chc,na,na,na,na,na,na,na,na,na,na,na
wolf/2019A/picorv32_mutBX_nomem-p3.chc,na,na,na,na,na,na,na,na,na,na,na
wolf/2019A/picorv32_mutBX_nomem-p7.chc,na,na,na,na,na,na,na,na,na,na,na
wolf/2019A/picorv32_mutBX_nomem-p8.chc,na,na,na,na,na,na,na,na,na,na,na
wolf/2019A/picorv32_mutBY_nomem-p8.chc,na,na,na,na,na,na,na,na,na,na,na
wolf/2019A/picorv32_mutCX_nomem-p3.chc,na,na,na,na,na,na,na,na,na,na,na
wolf/2019A/picorv32_mutCX_nomem-p4.chc,1159.937701,1124.51107,1061.589245,2585.627448,na,na,na,na,na,2043.477467,na
wolf/2019A/picorv32_mutCX_nomem-p7.chc,na,na,na,na,na,na,na,na,na,na,na
wolf/2019A/picorv32_mutCX_nomem-p8.chc,na,na,na,na,na,na,na,na,na,na,na
wolf/2019A/picorv32_mutCY_nomem-p4.chc,977.885912,503.122574,458.09956,1501.288551,na,na,na,na,na,1274.38707,na
wolf/2019A/picorv32_mutCY_nomem-p5.chc,1812.522963,1905.153547,1345.556063,2543.551252,na,na,na,na,na,3303.096521,na
wolf/2019A/picorv32_mutCY_nomem-p8.chc,na,na,na,na,na,na,na,na,na,na,na
wolf/2019B/marlann_compute_cp_fail1-p2.chc,2305.851074,0.580745,0.101748,na,17.799796,na,na,121.353084,121.353084,2.844884,47.741487
wolf/2019B/marlann_compute_cp_fail2-p0.chc,612.115662,0.587232,0.101248,na,5.403135,na,na,51.598391,13.192834,0.553971,23.296097
wolf/2019B/marlann_compute_cp_pass-p2.chc,1851.157849,0.58465,0.280768,na,12.73616,na,na,123.038672,123.038672,3.589581,39.387209
wolf/2019C/dspfilters_fastfir_second-p04.chc,43.069147,1.079847,0.649279,na,295.982208,na,na,na,na,3.191365,2613.016969
wolf/2019C/dspfilters_fastfir_second-p07.chc,236.148394,6.62582,1.915895,na,728.519386,na,na,na,na,5.500219,na
wolf/2019C/dspfilters_fastfir_second-p08.chc,na,892.018344,448.399688,na,na,na,na,na,na,1485.218626,na
wolf/2019C/dspfilters_fastfir_second-p09.chc,na,26.750013,20.149251,na,na,na,na,na,na,35.761771,na
wolf/2019C/dspfilters_fastfir_second-p15.chc,na,150.560986,57.782365,na,na,na,na,na,na,230.959012,na
wolf/2019C/dspfilters_fastfir_second-p16.chc,na,10.641573,4.332836,na,na,na,na,na,na,4.480405,na
wolf/2019C/dspfilters_fastfir_second-p17.chc,na,na,na,na,na,na,na,na,na,na,na
wolf/2019C/dspfilters_fastfir_second-p20.chc,na,3459.705723,1958.513707,na,na,na,na,na,na,na,na
wolf/2019C/dspfilters_fastfir_second-p21.chc,199.520049,1.081828,0.439806,na,149.432816,na,na,na,na,3.403565,na
wolf/2019C/dspfilters_fastfir_second-p22.chc,na,na,na,na,na,na,na,na,na,na,na
wolf/2019C/dspfilters_fastfir_second-p26.chc,na,1855.254838,1042.234513,na,na,na,na,na,na,na,na
wolf/2019C/dspfilters_fastfir_second-p28.chc,na,na,na,na,na,na,na,na,na,na,na
wolf/2019C/dspfilters_fastfir_second-p29.chc,na,674.100066,247.662899,na,na,na,na,na,na,985.008212,na
wolf/2019C/dspfilters_fastfir_second-p30.chc,na,na,na,na,na,na,na,na,na,na,na
wolf/2019C/dspfilters_fastfir_second-p32.chc,na,84.085743,74.283732,na,na,na,na,na,na,120.223628,na
wolf/2019C/dspfilters_fastfir_second-p40.chc,na,na,3384.605539,na,na,na,na,na,na,na,na
wolf/2019C/dspfilters_fastfir_second-p45.chc,na,465.836713,323.677536,na,na,na,na,na,na,873.631227,na
wolf/2019C/qspiflash_dualflexpress_divfive-p004.chc,na,na,na,na,na,na,na,na,na,19.888057,na
wolf/2019C/qspiflash_dualflexpress_divfive-p007.chc,na,na,na,na,na,na,na,na,na,3463.890061,na
wolf/2019C/qspiflash_dualflexpress_divfive-p012.chc,na,na,na,na,na,na,na,na,na,40.194677,1463.764829
wolf/2019C/qspiflash_dualflexpress_divfive-p017.chc,na,0.593256,0.01879,na,0.12986,na,0.106204,0.094901,0.079819,0.409909,0.173022
wolf/2019C/qspiflash_dualflexpress_divfive-p018.chc,na,0.574124,0.079975,na,0.351275,na,na,2.432087,0.26201,0.418419,0.685959
wolf/2019C/qspiflash_dualflexpress_divfive-p036.chc,na,na,na,na,1.821469,na,na,na,307.652419,1.774206,4.448662
wolf/2019C/qspiflash_dualflexpress_divfive-p053.chc,na,na,na,na,na,na,na,na,na,7.39518,na
wolf/2019C/qspiflash_dualflexpress_divfive-p054.chc,na,na,na,na,763.435188,na,na,na,na,285.131212,na
wolf/2019C/qspiflash_dualflexpress_divfive-p057.chc,na,na,na,na,na,na,na,na,na,1754.229413,na
wolf/2019C/qspiflash_dualflexpress_divfive-p059.chc,na,na,na,na,na,na,na,na,na,63.066181,na
wolf/2019C/qspiflash_dualflexpress_divfive-p060.chc,na,22.218946,5.690968,na,na,na,na,na,1521.662391,1.791379,77.58823
wolf/2019C/qspiflash_dualflexpress_divfive-p070.chc,na,na,na,na,na,na,na,na,na,652.010009,na
wolf/2019C/qspiflash_dualflexpress_divfive-p076.chc,na,na,na,na,na,na,na,na,na,3.585177,178.662374
wolf/2019C/qspiflash_dualflexpress_divfive-p082.chc,na,na,na,na,na,na,na,na,na,8.663308,na
wolf/2019C/qspiflash_dualflexpress_divfive-p091.chc,na,na,na,na,na,na,na,na,na,84.726962,na
wolf/2019C/qspiflash_dualflexpress_divfive-p093.chc,na,na,na,na,na,na,na,na,na,17.474247,na
wolf/2019C/qspiflash_dualflexpress_divfive-p098.chc,na,na,na,na,36.873773,na,na,na,na,4.170287,30.596443
wolf/2019C/qspiflash_dualflexpress_divfive-p104.chc,na,na,na,na,na,na,na,na,na,237.56452,na
wolf/2019C/qspiflash_dualflexpress_divfive-p112.chc,na,na,na,na,103.615855,na,na,na,na,3.382616,164.63738
wolf/2019C/qspiflash_dualflexpress_divfive-p120.chc,na,476.473525,66.132665,na,na,na,na,na,na,12.894221,na
wolf/2019C/qspiflash_dualflexpress_divfive-p127.chc,na,na,na,na,na,na,na,na,na,356.69301,na
wolf/2019C/qspiflash_dualflexpress_divfive-p133.chc,na,na,na,na,na,na,na,na,na,26.707204,na
wolf/2019C/qspiflash_dualflexpress_divfive-p137.chc,na,na,na,na,1077.53451,na,na,na,na,3.198349,1299.963534
wolf/2019C/qspiflash_dualflexpress_divfive-p139.chc,na,2060.43448,na,na,7.629266,na,na,na,327.848647,1.077439,15.177345
wolf/2019C/qspiflash_dualflexpress_divfive-p142.chc,0.480744,0.583291,0.018915,na,0.125635,na,0.093332,0.082996,0.076638,0.504677,0.140401
wolf/2019C/qspiflash_dualflexpress_divfive-p154.chc,na,na,na,na,na,na,na,na,na,4.271212,na
wolf/2019C/qspiflash_dualflexpress_divfive-p157.chc,na,na,na,na,1552.501796,na,na,na,na,702.170096,na
wolf/2019C/qspiflash_dualflexpress_divfive-p163.chc,na,na,na,na,na,na,na,na,na,178.497521,na
wolf/2019C/qspiflash_dualflexpress_divthree-p004.chc,na,na,na,na,na,na,na,na,na,26.261758,na
wolf/2019C/qspiflash_dualflexpress_divthree-p011.chc,na,na,na,na,1928.998444,na,na,na,na,3.841354,na
wolf/2019C/qspiflash_dualflexpress_divthree-p029.chc,na,0.593601,0.143209,na,0.910523,na,na,161.473279,14.988702,0.53067,0.42323
wolf/2019C/qspiflash_dualflexpress_divthree-p030.chc,na,na,na,na,na,na,na,na,na,73.298242,na
wolf/2019C/qspiflash_dualflexpress_divthree-p048.chc,na,na,na,na,na,na,na,na,na,7.19725,na
wolf/2019C/qspiflash_dualflexpress_divthree-p071.chc,na,0.581323,0.134765,na,2.899912,na,na,236.849599,52.654843,1.297703,2.815107
wolf/2019C/qspiflash_dualflexpress_divthree-p077.chc,na,0.571011,0.053457,na,na,na,na,14.327621,1.276725,0.392973,0.997691
wolf/2019C/qspiflash_dualflexpress_divthree-p078.chc,na,na,na,na,161.809616,na,na,na,na,4.009778,181.48653
wolf/2019C/qspiflash_dualflexpress_divthree-p081.chc,na,na,na,na,na,na,na,na,na,347.764573,na
wolf/2019C/qspiflash_dualflexpress_divthree-p084.chc,na,na,na,na,na,na,na,na,na,150.454913,na
wolf/2019C/qspiflash_dualflexpress_divthree-p086.chc,na,3.598408,1.858821,na,3.312744,na,na,86.75482,86.75482,1.946397,8.03516
wolf/2019C/qspiflash_dualflexpress_divthree-p089.chc,na,na,na,na,217.612129,na,na,na,na,3.965231,84.103925
wolf/2019C/qspiflash_dualflexpress_divthree-p094.chc,na,na,na,na,na,na,na,na,na,101.296838,na
wolf/2019C/qspiflash_dualflexpress_divthree-p099.chc,na,na,na,na,na,na,na,na,na,203.221798,na
wolf/2019C/qspiflash_dualflexpress_divthree-p101.chc,na,na,na,na,31.828213,na,na,na,364.811984,2.301199,60.259729
wolf/2019C/qspiflash_dualflexpress_divthree-p107.chc,na,na,na,na,na,na,na,na,na,2998.969726,na
wolf/2019C/qspiflash_dualflexpress_divthree-p112.chc,na,na,na,na,83.499926,na,na,na,1122.442894,3.777056,60.884934
wolf/2019C/qspiflash_dualflexpress_divthree-p119.chc,na,na,na,na,na,na,na,na,na,7.854617,na
wolf/2019C/qspiflash_dualflexpress_divthree-p121.chc,na,na,na,na,na,na,na,na,na,75.13086,na
wolf/2019C/qspiflash_dualflexpress_divthree-p131.chc,na,na,na,na,na,na,na,na,na,4.099029,na
wolf/2019C/qspiflash_dualflexpress_divthree-p137.chc,na,na,na,na,1015.761507,na,na,na,na,2.987605,1842.858321
wolf/2019C/qspiflash_dualflexpress_divthree-p138.chc,na,na,na,na,na,na,na,na,na,55.783427,na
wolf/2019C/qspiflash_dualflexpress_divthree-p150.chc,na,na,na,na,na,na,na,na,na,285.248382,na
wolf/2019C/qspiflash_dualflexpress_divthree-p159.chc,na,na,na,na,na,na,na,na,na,3.898919,84.763185
wolf/2019C/qspiflash_dualflexpress_divthree-p163.chc,na,na,na,na,na,na,na,na,na,74.563864,na
wolf/2019C/qspiflash_qflexpress_divfive-p005.chc,na,na,na,na,na,na,na,na,na,20.74067,na
wolf/2019C/qspiflash_qflexpress_divfive-p008.chc,na,na,na,na,na,na,na,na,na,64.265942,na
wolf/2019C/qspiflash_qflexpress_divfive-p023.chc,na,0.575728,0.056808,na,0.714423,na,72.59272,5.484238,0.635311,0.522579,0.650201
wolf/2019C/qspiflash_qflexpress_divfive-p032.chc,na,na,na,na,na,na,na,na,107.478472,1.605719,19.277504
wolf/2019C/qspiflash_qflexpress_divfive-p034.chc,na,na,na,na,82.239349,na,na,148.676142,148.676142,1.591591,12.930797
wolf/2019C/qspiflash_qflexpress_divfive-p047.chc,na,na,na,na,1458.173024,na,na,na,na,3.015033,509.497353
wolf/2019C/qspiflash_qflexpress_divfive-p051.chc,na,na,na,na,742.87944,na,na,na,na,2.345829,876.619357
wolf/2019C/qspiflash_qflexpress_divfive-p056.chc,na,0.624905,0.134797,na,2.126693,na,na,20.432219,10.212188,1.363598,2.071608
wolf/2019C/qspiflash_qflexpress_divfive-p057.chc,na,0.569357,0.017742,na,0.106332,na,0.082135,0.069168,0.071965,0.417743,0.106787
wolf/2019C/qspiflash_qflexpress_divfive-p058.chc,na,na,na,na,na,na,na,na,na,7.429101,na
wolf/2019C/qspiflash_qflexpress_divfive-p059.chc,na,52.897914,12.113775,na,na,na,na,na,611.32394,4.018993,na
wolf/2019C/qspiflash_qflexpress_divfive-p064.chc,na,na,na,na,11.258811,na,na,na,323.293374,1.876844,11.488274
wolf/2019C/qspiflash_qflexpress_divfive-p072.chc,na,na,na,na,20.210854,na,na,527.823329,527.823329,2.244269,12.424098
wolf/2019C/qspiflash_qflexpress_divfive-p077.chc,na,na,na,na,59.766036,na,na,1800.732788,245.427795,3.340565,80.375113
wolf/2019C/qspiflash_qflexpress_divfive-p080.chc,na,na,na,na,101.087281,na,na,na,na,3.50428,156.779216
wolf/2019C/qspiflash_qflexpress_divfive-p112.chc,na,na,na,na,16.680488,na,na,na,1950.969371,3.982504,10.323319
wolf/2019C/qspiflash_qflexpress_divfive-p113.chc,na,na,na,na,na,na,na,na,na,24.650213,na
wolf/2019C/qspiflash_qflexpress_divfive-p120.chc,na,na,na,na,na,na,na,na,na,28.50211,na
wolf/2019C/qspiflash_qflexpress_divfive-p122.chc,na,1.115308,0.401994,na,0.977137,na,na,114.719693,40.225059,1.830185,1.370573
wolf/2019C/qspiflash_qflexpress_divfive-p128.chc,na,na,na,na,3201.597033,na,na,na,na,22.5258,na
wolf/2019C/vgasim_imgfifo-p039.chc,na,na,na,na,na,na,na,na,na,na,na
wolf/2019C/vgasim_imgfifo-p047.chc,12.950771,0.592339,0.04041,na,0.872782,na,na,14.640583,2.169605,3.201145,1.08003
wolf/2019C/vgasim_imgfifo-p051.chc,na,na,na,na,na,na,na,na,na,na,na
wolf/2019C/vgasim_imgfifo-p058.chc,na,na,na,na,8.751164,na,na,610.479457,610.479457,na,6.551604
wolf/2019C/vgasim_imgfifo-p066.chc,na,1.07862,0.544603,na,2.900846,na,na,216.466797,216.466797,3.518811,4.353847
wolf/2019C/vgasim_imgfifo-p070.chc,na,2.076166,0.886632,na,na,na,na,na,na,4.024548,na
wolf/2019C/vgasim_imgfifo-p085.chc,na,1.085549,0.553685,na,3.769256,na,141.560706,99.986985,99.986985,3.360957,5.126457
wolf/2019C/vgasim_imgfifo-p088.chc,na,na,na,na,na,na,na,na,na,na,na
wolf/2019C/vgasim_imgfifo-p091.chc,na,na,na,na,na,na,na,na,na,na,na
wolf/2019C/vgasim_imgfifo-p093.chc,na,42.843635,8.636011,na,6.696229,na,na,486.61098,486.61098,12.817132,9.424821
wolf/2019C/vgasim_imgfifo-p099.chc,10.147715,33.784161,5.329147,na,17.018817,na,na,na,3431.000465,8.045699,46.782036
wolf/2019C/vgasim_imgfifo-p105.chc,22.544456,9.659259,2.598918,na,na,na,na,na,na,3.893401,1599.841795
wolf/2019C/vgasim_imgfifo-p107.chc,na,na,na,na,na,na,na,na,na,na,na
wolf/2019C/vgasim_imgfifo-p109.chc,na,2.104023,0.946072,na,na,na,na,na,na,4.41621,na
wolf/2019C/vgasim_imgfifo-p111.chc,na,na,na,na,na,na,na,na,na,na,na
wolf/2019C/zipversa_composecrc_prf-p03.chc,na,na,na,na,na,na,na,na,na,na,na
wolf/2019C/zipversa_composecrc_prf-p04.chc,na,0.595243,0.023408,na,0.198834,na,0.208725,0.166091,0.126922,0.407732,0.179343
wolf/2019C/zipversa_composecrc_prf-p06.chc,na,0.593433,0.067674,na,32.551078,na,na,10.019386,0.345551,0.413063,37.712492
wolf/2019C/zipversa_composecrc_prf-p11.chc,0.478402,0.569847,0.014783,na,0.112878,na,0.066033,0.068278,0.055449,0.41084,0.12415
wolf/2019C/zipversa_composecrc_prf-p15.chc,na,0.570304,0.140802,na,11.129391,na,na,4.673908,4.673908,3.001465,15.111011
wolf/2019C/zipversa_composecrc_prf-p20.chc,na,0.58112,0.222281,na,607.883151,na,na,26.808563,26.808563,3.44158,48.529419
wolf/2019C/zipversa_composecrc_prf-p21.chc,na,0.566075,0.144846,na,7.178969,na,na,3.425939,3.425939,1.246308,4.844474
wolf/2019C/zipversa_composecrc_prf-p23.chc,na,0.575047,0.106998,na,2.969875,na,na,1.063115,0.413056,0.531178,1.879018
